{"cameraMode":{"drawMode":0,"name":"Shaded","section":"Shading Mode"},"sceneLighting":true,"audioPlay":false,"sceneViewState":{"showFog":true,"showMaterialUpdate":false,"showSkybox":true,"showFlares":true,"showImageEffects":true,"showParticleSystems":true},"in2DMode":false,"pivot":{"x":1.678074836730957,"y":-0.8356976509094238,"z":-0.42120361328125},"rotation":{"x":0.3410188555717468,"y":-0.4595336616039276,"z":0.19684499502182008,"w":0.7961074709892273},"size":14.556238174438477,"orthographic":false}